1000,Brass,Terry Group,6833,16835.06,26
1001,Rubber,Kshlerin-Olson,8071,5894.03,4
1004,Glass,Runte Inc,2500,13269.03,28
1005,Thermoplastic polyurethane (TPU),"Russel, Kautzer and Herzog",9374,18537.08,6
1006,Foam,Pfannerstill and Sons,2367,18990.70,6
1007,Aluminum,Thompson-Gulgowski,1024,8436.44,26
1008,Plexiglass,"Roberts, Kuhlman and Kuvalis",7113,5136.87,5
1010,Glass,Effertz-MacGyver,1998,12391.51,18
1011,Polycarbonate,Bartell and Sons,3265,10313.80,10
1012,Polycarbonate,Gottlieb-Stroman,6590,9406.47,20
1013,Plexiglass,O'Connell-Hegmann,447,4233.64,10
1015,Glass,"Rempel, Hintz and Hilll",2699,9411.95,26
1016,Glass,Olson-Hagenes,7923,2821.00,21
1018,Plastic,Ledner Inc,6985,7095.48,7
1020,Brass,Goyette-Denesik,9151,7219.16,22
1021,Glass,"Walter, Schuppe and Tromp",9011,17922.58,6
1022,Polycarbonate,Dickinson Group,9594,12312.83,23
1023,Polycarbonate,Leannon-Kovacek,8449,17212.37,18
1024,Thermoplastic polyurethane (TPU),Zemlak Group,4702,14885.03,22
1025,Polycarbonate,Moen-White,9841,15175.06,3
1026,Plastic,Hyatt-Terry,7099,4345.75,27
1027,Nylon,Gislason-Kulas,1336,19216.41,15
1028,Rubber,Brakus and Sons,7496,16518.11,16
1029,Steel,"Hayes, Price and Rau",1654,12123.12,6
1033,Nylon,Cartwright-Erdman,349,18938.68,10
1034,Nylon,Hoppe-O'Connell,8687,3666.86,12
1036,Foam,Frami and Sons,3891,10892.62,26
1038,Thermoplastic polyurethane (TPU),Sawayn-Ratke,2937,1866.39,17
1039,Plexiglass,Fritsch Inc,5373,6640.40,21
1041,Steel,Fisher-Kreiger,2479,14816.66,29
1042,Aluminum,Frami Group,9475,5427.80,28
1043,Glass,Abernathy-Cole,670,14563.93,26
1044,Thermoplastic polyurethane (TPU),Jacobi Group,3009,11072.77,21
1045,Glass,O'Connell Group,7666,18361.99,28
1046,Nylon,Prosacco-Hand,2371,1712.63,14
1047,Polycarbonate,O'Conner LLC,8903,17570.45,21
1049,Plexiglass,Herzog Inc,7451,18012.73,11
1050,Steel,"DuBuque, Abbott and Runolfsson",6439,3725.17,5
1051,Steel,Smith-Thompson,7246,3450.94,18
1052,Thermoplastic polyurethane (TPU),"Hagenes, Rosenbaum and Ward",6608,3246.53,5
1054,Polycarbonate,Ryan Group,2862,14152.24,6
1055,Thermoplastic polyurethane (TPU),"Dicki, Smith and Paucek",7892,18945.40,5
1056,Rubber,Trantow-Feeney,3521,17068.02,25
1057,Glass,Waters-Luettgen,203,10098.26,10
1058,Plastic,"Cartwright, Kunde and Rice",4678,16357.70,10
1059,Thermoplastic polyurethane (TPU),"Stehr, Roberts and Yost",6517,10983.56,28
1060,Thermoplastic polyurethane (TPU),"Batz, Mann and Nolan",2749,1878.59,24
1061,Glass,Crooks Inc,9117,8080.38,6
1062,Polycarbonate,Homenick-Haag,7822,16119.44,20
1066,Aluminum,Block-Cremin,6448,4290.50,29
1069,Thermoplastic polyurethane (TPU),King Group,1026,10903.37,1
1073,Rubber,Willms-Mosciski,7145,17393.65,25
1074,Aluminum,Upton LLC,9466,11943.98,10
1075,Plexiglass,Stroman and Sons,2048,4981.44,24
1078,Aluminum,Sauer-Smith,4865,6191.63,13
1079,Plastic,Mertz LLC,1430,19552.73,23
1080,Nylon,"Green, MacGyver and Hansen",6984,936.31,19
1081,Glass,Stanton and Sons,8420,500.89,14
1084,Polycarbonate,Borer LLC,1527,6659.10,21
1085,Plastic,Kuphal-O'Conner,2519,8993.20,26
1086,Plexiglass,Quitzon Inc,4838,3801.91,16
1087,Brass,Mitchell-Bradtke,4929,6227.58,25
1088,Nylon,Paucek-Stanton,4200,10105.85,17
1089,Brass,Morissette Group,3040,15152.64,1
1090,Foam,"Larson, Grant and Anderson",5414,5846.19,26
1091,Steel,Pagac Inc,9917,8911.43,21
1092,Plexiglass,"Kozey, Langosh and Watsica",9467,14248.44,8
1093,Brass,"Weber, Swift and Streich",3513,19683.78,21
1094,Steel,Aufderhar-Blick,6934,5085.25,17
1095,Thermoplastic polyurethane (TPU),"Kovacek, Macejkovic and Zemlak",1982,13151.67,3
1097,Plexiglass,Ernser Group,2056,1068.18,1
1098,Rubber,Will-Metz,7043,17190.57,18
1103,Rubber,Bergstrom-Kshlerin,3098,18340.44,11
1105,Aluminum,Bahringer-Tromp,3203,11775.01,15
1106,Aluminum,"Cummerata, Von and Dickens",6475,19070.56,12
1107,Foam,Bailey Group,4953,8507.74,15
1108,Brass,Auer-Homenick,6093,12461.05,30
1109,Thermoplastic polyurethane (TPU),"Considine, O'Hara and Collins",8372,2751.55,1
1112,Rubber,"Krajcik, Schamberger and Grant",8537,14738.01,29
1113,Aluminum,Bayer LLC,7084,8770.34,3
1114,Plexiglass,"Ratke, Stamm and Fritsch",8896,12444.98,27
1115,Brass,Kozey-Nolan,9303,10243.97,18
1116,Thermoplastic polyurethane (TPU),"Satterfield, Braun and Keeling",5039,12102.93,11
1117,Plastic,Cormier-Predovic,7879,9751.00,23
1120,Plastic,"Walker, Pacocha and D'Amore",3235,2539.48,5
1121,Thermoplastic polyurethane (TPU),Lockman-Weber,7478,12155.69,25
1122,Plastic,Nolan Group,5724,15716.50,27
1123,Steel,"O'Connell, Torphy and Kling",3863,7977.78,1
1124,Plastic,"Leffler, Wyman and Hills",6431,9196.18,8
1126,Foam,Wintheiser and Sons,4014,5252.58,30
1128,Foam,Witting-Goldner,3900,17550.99,3
1129,Rubber,"Vandervort, Bins and Schinner",6404,10004.31,30
1130,Thermoplastic polyurethane (TPU),Little-Medhurst,8078,2700.46,4
1131,Thermoplastic polyurethane (TPU),Gutkowski-Pacocha,983,2538.01,14
1132,Glass,"Barton, Cronin and Schamberger",5414,2226.32,13
1133,Polycarbonate,"Zboncak, Torphy and Williamson",6753,15844.82,3
1134,Glass,Kunde LLC,2163,5612.22,8
1135,Polycarbonate,Runolfsdottir and Sons,1416,4448.20,15
1136,Plexiglass,Hilll Group,7682,12420.17,2
1138,Aluminum,"Hartmann, Ullrich and Douglas",3849,10776.93,3
1140,Polycarbonate,McGlynn-Konopelski,1762,6006.95,11
1141,Brass,Wyman-Pfeffer,4784,11241.31,17
1142,Thermoplastic polyurethane (TPU),Abbott-Shanahan,6209,6172.81,6
1143,Rubber,Hudson Inc,5080,6752.55,17
1144,Plexiglass,"Ryan, Hilll and Kautzer",7958,14136.54,26
1145,Plexiglass,Feeney-Murphy,9117,8293.68,17
1146,Thermoplastic polyurethane (TPU),Lowe-Friesen,9446,5482.53,23
1147,Aluminum,"Medhurst, Swift and Pacocha",773,991.05,5
1148,Thermoplastic polyurethane (TPU),Collier-Hessel,7578,1688.22,30
1150,Plexiglass,Spencer-Rau,6284,521.25,8
1151,Foam,"Rolfson, Bayer and Windler",4610,10634.79,18
1152,Thermoplastic polyurethane (TPU),Olson Inc,2832,10397.73,19
1153,Foam,"Schmidt, Zemlak and Schumm",1015,2072.27,16
1154,Foam,Cartwright-Ullrich,2706,9805.59,25
1156,Glass,Cremin-Lueilwitz,3904,16494.50,9
1157,Glass,Will LLC,447,10385.74,22
1158,Thermoplastic polyurethane (TPU),Frami Group,4615,15591.30,15
1159,Thermoplastic polyurethane (TPU),Brown-West,8288,1954.51,28
1160,Rubber,Kunde-Olson,7988,19440.52,24
1161,Plexiglass,Dietrich Inc,1316,8800.09,2
1162,Plexiglass,Tromp-Carter,9615,4479.85,27
1163,Glass,"Davis, Turner and Koss",3692,16552.91,9
1165,Plexiglass,Purdy-Osinski,9888,13094.60,6
1168,Plexiglass,"Jast, Orn and VonRueden",2166,17243.16,2
1169,Rubber,Pouros-Reilly,5401,10568.86,23
1171,Plastic,Ferry-Cronin,1019,14283.34,17
1173,Nylon,Schneider-Wehner,5602,9171.95,11
1174,Foam,Frami-O'Connell,8445,14415.23,14
1175,Plastic,"Cormier, Kris and Farrell",1780,13513.95,11
1176,Steel,"Schinner, Torphy and Lakin",5620,19742.01,23
1178,Plastic,Kunde Inc,4385,15844.78,22
1179,Plexiglass,"Crist, Kemmer and Kreiger",6592,6997.50,18
1180,Foam,Heidenreich Group,8804,9985.83,28
1181,Rubber,Pfeffer Inc,7927,18235.68,19
1183,Aluminum,Koss and Sons,7973,10811.05,24
1184,Plexiglass,Mohr-Kuhn,5799,4798.67,11
1185,Plastic,"Ondricka, Goldner and Jenkins",3139,2050.47,7
1186,Rubber,"Fadel, Corkery and Blick",5999,16568.15,30
1189,Brass,"Stroman, Streich and Orn",1176,17267.36,18
1191,Foam,"Konopelski, Gorczany and Bashirian",677,17416.73,16
1192,Brass,Ziemann-O'Conner,5152,15391.35,24
1193,Polycarbonate,Franecki and Sons,3247,12178.74,5
1194,Foam,"Ward, Wolff and Emard",8605,12590.08,21
1196,Brass,"Wyman, Johnston and Larson",1583,3110.29,2
1197,Thermoplastic polyurethane (TPU),"Considine, Lynch and Robel",7112,18234.57,6
1198,Polycarbonate,"Zemlak, Yost and Jaskolski",8135,6321.77,7
1200,Rubber,Hagenes-Balistreri,5532,5597.34,18
1201,Nylon,Wilkinson-Hilpert,9272,6698.28,11
1203,Glass,Konopelski-Huel,7436,4730.03,23
1207,Foam,King LLC,7439,9562.54,12
1209,Glass,Gerhold-Kris,7934,13346.53,7
1210,Plexiglass,Kuhic-Schaden,2836,7190.99,14
1211,Steel,Zboncak-Turcotte,1824,7650.12,5
1212,Thermoplastic polyurethane (TPU),Emmerich-Becker,8648,19039.53,28
1214,Rubber,Crooks Group,5317,16854.48,8
1215,Brass,Tremblay Group,1862,3973.07,14
1217,Nylon,Medhurst Group,7426,3529.45,18
1218,Thermoplastic polyurethane (TPU),Tillman-Bruen,5960,17930.63,27
1219,Aluminum,Donnelly-Corwin,8372,12507.86,20
1221,Thermoplastic polyurethane (TPU),Kuhlman-Leannon,6109,5751.06,6
1222,Aluminum,"Hoeger, Stanton and Ferry",3298,15444.12,30
1224,Brass,"Daniel, Kuphal and Kessler",6503,19000.94,9
1225,Thermoplastic polyurethane (TPU),"Schimmel, Kulas and Schroeder",2798,13264.44,27
1229,Foam,"Beier, Nicolas and O'Reilly",2527,15905.82,20
1230,Thermoplastic polyurethane (TPU),Bartell Group,9657,15453.39,24
1233,Plastic,Murray-Pfannerstill,300,3718.25,12
1237,Glass,"Ziemann, Collins and Daugherty",7511,19793.52,29
1238,Nylon,McDermott-Lind,7604,11263.31,2
1241,Rubber,Ryan-Osinski,8594,5703.15,10
1242,Polycarbonate,Vandervort-Von,8033,5475.56,21
1243,Foam,Johnson-Glover,213,6720.70,7
1244,Steel,Hoeger Inc,7393,13756.73,5
1246,Foam,"Cormier, Pouros and Schumm",5936,11083.04,2
1247,Foam,Stark-Yost,4624,9368.05,12
1249,Foam,Cruickshank and Sons,7391,11025.66,10
1250,Aluminum,Balistreri-Ernser,5459,8698.10,8
1251,Thermoplastic polyurethane (TPU),"White, Fahey and Bins",9592,6871.71,19
1253,Polycarbonate,"Denesik, Dickinson and Gislason",4541,13965.24,10
1254,Nylon,"Cartwright, Marks and Altenwerth",5838,7919.43,11
1255,Plexiglass,Lebsack Group,4478,12915.17,14
1257,Steel,Jerde-Mayert,2388,11035.13,10
1258,Foam,"Predovic, McLaughlin and Herzog",7508,17278.98,16
1259,Plastic,"DuBuque, Lynch and Cummerata",1348,14583.21,13
1260,Thermoplastic polyurethane (TPU),"Schulist, Daugherty and Stark",2350,16067.39,18
1261,Plexiglass,Rodriguez Inc,291,17730.15,2
1263,Thermoplastic polyurethane (TPU),Ritchie-Crona,8224,4349.71,7
1265,Rubber,Hackett Inc,3305,5706.88,13
1267,Nylon,"Jones, Kihn and Hudson",7610,13782.20,9
1268,Thermoplastic polyurethane (TPU),Schroeder-Wisoky,1728,4993.22,24
1269,Rubber,"Beer, Jacobson and Bergnaum",9398,3440.22,12
1270,Plexiglass,Flatley Inc,8281,8803.57,5
1272,Glass,"Spinka, Murphy and Stoltenberg",7137,16347.18,4
1273,Thermoplastic polyurethane (TPU),O'Keefe and Sons,5312,12353.47,8
1274,Aluminum,"O'Kon, Skiles and Botsford",3123,19639.43,25
1275,Steel,"Veum, Funk and Stehr",2633,15670.87,3
1276,Foam,"Pouros, Considine and Crona",4050,16737.49,26
1277,Thermoplastic polyurethane (TPU),"Willms, Wisoky and Schuppe",3273,7289.83,9
1280,Steel,Tromp Inc,3809,7168.97,15
1281,Brass,"Heidenreich, Monahan and Emard",317,19931.42,7
1282,Foam,Quitzon-Wisoky,2416,17807.18,11
1285,Steel,Rogahn-Cummerata,6008,18744.94,11
1286,Polycarbonate,"Bergstrom, Goodwin and O'Conner",1554,13222.61,17
1287,Foam,Reinger-Hane,8700,12591.63,11
1288,Glass,"Greenfelder, Jacobi and Bechtelar",2890,9751.37,10
1289,Aluminum,"Crona, Davis and Hilll",1574,10618.28,21
1291,Plastic,"Fritsch, Haag and Cassin",2786,8424.81,5
1293,Aluminum,"Watsica, Quigley and Bahringer",7357,17829.00,1
1294,Thermoplastic polyurethane (TPU),"Dietrich, Waelchi and Bruen",8793,1044.65,13
1295,Plexiglass,"Haag, Robel and Gerhold",1542,7647.80,3
1297,Thermoplastic polyurethane (TPU),Steuber-Hartmann,9254,6622.25,20
1298,Brass,"Balistreri, Schuppe and Heathcote",9105,14588.19,29
1299,Aluminum,Haley-Kohler,5069,11277.51,29
1300,Thermoplastic polyurethane (TPU),Block-Walker,4353,15825.96,25
1301,Steel,"Luettgen, Weissnat and Muller",1586,2173.82,20
1302,Polycarbonate,Tromp-Greenfelder,3955,11628.20,14
1303,Thermoplastic polyurethane (TPU),"Rodriguez, Lebsack and Ruecker",1348,17266.38,21
1304,Steel,"O'Keefe, Lueilwitz and Feeney",3094,8500.15,11
1307,Brass,"Veum, Lubowitz and Keeling",4045,4346.24,13
1308,Rubber,Wolf and Sons,7310,12729.05,23
1309,Brass,"Bogisich, Wisoky and Mraz",6769,2928.49,28
1313,Brass,"Dickinson, Kub and Lemke",7891,5541.54,9
1316,Plexiglass,"Metz, Auer and Bernhard",9339,14580.41,26
1318,Glass,Collier Inc,5682,16748.02,1
1321,Aluminum,"Robel, Abbott and Gottlieb",6636,8952.97,3
1323,Glass,Pacocha-Goodwin,660,3066.59,26
1325,Steel,Murazik Group,4305,5167.07,1
1326,Thermoplastic polyurethane (TPU),Abernathy-Jones,4366,18145.68,15
1327,Aluminum,Fisher and Sons,8216,7052.36,29
1328,Foam,"Cronin, Morar and Windler",154,13736.97,22
1333,Polycarbonate,Hodkiewicz-Trantow,7854,13297.98,24
1336,Polycarbonate,Bogisich-Hodkiewicz,140,17781.19,11
1337,Glass,Leannon and Sons,2706,7606.73,28
1338,Plexiglass,Littel Inc,6622,2135.54,23
1342,Plastic,Trantow-Gutmann,2791,15614.40,1
1343,Polycarbonate,Powlowski Group,5004,1527.54,11
1344,Glass,Labadie LLC,7095,11272.49,19
1345,Nylon,Botsford-Pollich,7582,8049.13,4
1346,Glass,Marvin-McLaughlin,5801,4879.24,20
1349,Thermoplastic polyurethane (TPU),Ritchie-Crist,8478,9063.86,16
1350,Foam,"Kulas, Frami and Mayert",3524,11550.73,29
1352,Rubber,"Gusikowski, Reynolds and Haag",2723,10769.14,2
1353,Polycarbonate,Dooley-Langworth,4326,6502.47,22
1354,Plastic,Schmeler-Toy,9445,9109.44,14
1355,Nylon,Gerhold Group,1241,19812.56,5
1356,Glass,"Denesik, Jenkins and Hauck",806,4110.09,20
1357,Polycarbonate,"Ledner, Bernier and Bayer",2047,17581.57,23
1358,Foam,Turner-Kulas,5651,15535.03,25
1359,Polycarbonate,Toy-Senger,9928,11518.86,15
1360,Polycarbonate,"Williamson, Adams and Franecki",9791,8578.63,16
1363,Glass,"O'Connell, Hickle and O'Kon",6202,13798.63,13
1364,Rubber,Harber Inc,711,3176.16,12
1368,Aluminum,"McDermott, Jacobi and Russel",3576,12850.53,26
1369,Aluminum,"Stracke, Rogahn and Davis",8917,18238.72,10
1370,Plastic,"Walker, Mayert and Schmitt",2797,19744.60,20
1372,Thermoplastic polyurethane (TPU),Kuvalis-Schaefer,5578,6442.50,30
1373,Plexiglass,"Carter, Hettinger and Harber",8813,1774.57,6
1374,Polycarbonate,Bayer-Hoppe,7772,9729.68,8
1376,Plexiglass,Haley and Sons,4773,18399.79,23
1379,Rubber,Steuber and Sons,1589,12538.64,15
1380,Foam,Mertz-Mayert,1566,19956.15,15
1381,Brass,Considine LLC,7034,795.82,17
1382,Foam,Paucek-Fahey,499,19264.75,16
1384,Glass,Flatley LLC,2602,16886.99,1
1385,Rubber,"Schmeler, Tillman and Reilly",7903,15052.85,23
1386,Foam,Senger Group,6520,17746.55,6
1387,Thermoplastic polyurethane (TPU),"Tremblay, Sanford and Bednar",7744,8737.98,12
1388,Glass,Ernser-Jacobi,4984,8605.76,5
1389,Polycarbonate,"Lesch, Hartmann and Fahey",9031,18690.58,20
1390,Plexiglass,Emard-Bruen,1357,8704.97,25
1391,Rubber,"Willms, Koch and Lesch",9306,4722.31,14
1393,Nylon,Legros LLC,7201,3452.19,10
1394,Brass,"Schaefer, Beatty and Wehner",1240,19920.56,4
1400,Glass,Johnston Inc,1770,8922.73,26
1401,Nylon,Beatty and Sons,7044,783.80,19
1404,Thermoplastic polyurethane (TPU),Sipes-Deckow,56,19401.37,3
1405,Polycarbonate,"Mayert, Heidenreich and Maggio",3250,12270.56,30
1407,Plastic,Emmerich-Batz,8090,19092.82,3
1408,Polycarbonate,Carroll Inc,693,13990.35,18
1410,Thermoplastic polyurethane (TPU),Stamm LLC,6756,9130.97,3
1411,Aluminum,Wisoky and Sons,7407,15247.06,24
1413,Glass,Torp-Zulauf,5180,2955.87,28
1414,Glass,Schroeder Inc,1860,11369.42,5
1415,Glass,O'Keefe Inc,2269,7096.44,27
1416,Steel,"Nienow, Zboncak and Nikolaus",4505,13105.10,12
1417,Polycarbonate,O'Reilly Inc,5268,10211.88,6
1418,Rubber,"Osinski, Crist and Cole",5876,9486.40,29
1419,Steel,Jaskolski-Hyatt,4634,9451.60,11
1420,Glass,Harris LLC,7812,15783.48,12
1421,Aluminum,Schowalter-Weber,1824,18922.11,6
1424,Aluminum,Wintheiser-Legros,5552,14829.80,29
1425,Rubber,Witting-Block,3804,18836.47,29
1426,Brass,Langosh-Runte,5525,8284.14,19
1427,Foam,Hauck LLC,7636,12663.77,15
1428,Aluminum,"Kuhn, Hermiston and O'Conner",7944,15006.16,18
1431,Thermoplastic polyurethane (TPU),Ebert Group,9743,13931.30,2
1433,Foam,Pacocha-Schulist,5533,2908.57,23
1434,Rubber,Pfannerstill-Murphy,9056,13779.19,12
1436,Thermoplastic polyurethane (TPU),Nitzsche-Schamberger,6408,12849.42,12
1437,Plastic,Toy-Stamm,5817,1692.53,13
1438,Plastic,"Reichel, Johnson and Shields",2743,2469.93,15
1439,Rubber,Roob and Sons,9566,512.25,12
1440,Steel,Kuhic-Vandervort,7934,10362.51,11
1441,Thermoplastic polyurethane (TPU),Keeling Inc,2450,4294.85,28
1443,Glass,"Johnston, Stamm and Rogahn",4992,9271.17,27
1444,Thermoplastic polyurethane (TPU),"Harber, Mraz and Kuhn",769,16005.74,17
1445,Rubber,"Dare, Wisozk and Corkery",772,8825.65,22
1447,Brass,Gleichner-Torp,4613,14041.44,17
1450,Polycarbonate,"Renner, Wyman and Stiedemann",3706,8996.05,10
1451,Foam,Donnelly-Lakin,2796,17768.70,3
1453,Rubber,Price Inc,8569,19356.73,3
1454,Steel,"Upton, Harber and Deckow",4609,10282.91,5
1456,Brass,Kassulke-Marvin,2905,18821.77,12
1457,Plexiglass,Yundt and Sons,7752,1241.82,8
1458,Rubber,Schulist-Medhurst,4250,5818.36,11
1460,Glass,Braun Inc,4830,8353.65,22
1463,Plastic,Bosco Group,526,13171.65,23
1469,Thermoplastic polyurethane (TPU),"Ritchie, Moore and Berge",4861,5048.27,4
1470,Thermoplastic polyurethane (TPU),Hane and Sons,3693,9685.22,9
1471,Rubber,Durgan Inc,3215,11301.54,28
1473,Foam,"Nitzsche, Reichert and Walker",5312,4316.08,29
1476,Nylon,Barton-Quigley,4596,1047.28,11
1477,Aluminum,"Cummerata, Dooley and Ledner",4044,8384.43,22
1478,Polycarbonate,Balistreri LLC,8475,12369.07,17
1480,Aluminum,Reinger Group,5849,5322.37,16
1482,Aluminum,"Hegmann, Schumm and Armstrong",111,7499.46,3
1483,Rubber,Carroll-Tillman,4037,18499.30,9
1484,Thermoplastic polyurethane (TPU),"DuBuque, Bradtke and Parisian",7589,9828.45,10
1487,Rubber,Lowe-Kreiger,8172,2291.11,12
1488,Brass,"Schneider, Grimes and Davis",3037,16250.27,27
1489,Foam,Zemlak Group,2644,13726.29,12
1490,Thermoplastic polyurethane (TPU),Leuschke-Bernier,7196,3021.06,18
1491,Polycarbonate,"Miller, Beatty and Legros",8591,7802.11,24
1496,Aluminum,Hermiston Group,7314,10380.33,23
1498,Thermoplastic polyurethane (TPU),Batz and Sons,6979,19317.13,22
1499,Thermoplastic polyurethane (TPU),"Brakus, Runolfsson and Kshlerin",6597,13830.22,22
1500,Steel,Greenfelder-Zboncak,2378,4201.05,29
1501,Plastic,Trantow LLC,4980,15038.58,14
1502,Plexiglass,"Ziemann, Hoeger and Schumm",815,14817.16,11
1503,Nylon,Hettinger and Sons,7515,2687.01,14
1505,Foam,"Muller, Witting and Jones",9168,9451.61,26
1508,Steel,"Weimann, Cole and Padberg",2417,6361.77,20
1511,Rubber,Ortiz-Block,4298,6211.72,14
1512,Nylon,Block-Mante,7395,12223.68,25
1513,Rubber,Wilderman Inc,6911,1026.43,20
1514,Polycarbonate,"Schiller, Turcotte and Gibson",996,5509.06,22
1515,Plexiglass,Harber Inc,1097,2911.44,18
1516,Plexiglass,"Labadie, Reilly and Leffler",7674,16571.40,11
1517,Glass,Cruickshank-Wiza,6402,5126.72,25
1519,Polycarbonate,"Effertz, Ratke and Hodkiewicz",6087,12961.68,27
1520,Steel,Homenick-Yost,8053,16340.44,26
1523,Brass,Crona-Powlowski,4178,1559.12,16
1525,Aluminum,Toy LLC,6824,18855.09,3
1526,Brass,Medhurst-Dickens,1840,16850.23,28
1527,Brass,Parisian LLC,88,11510.26,14
1532,Steel,Schuppe-Douglas,7502,16419.82,24
1533,Plastic,Bahringer LLC,9471,3586.36,9
1534,Polycarbonate,Harris-VonRueden,5912,2980.16,18
1535,Steel,"Schaefer, Weimann and Pfeffer",6432,19793.35,14
1538,Polycarbonate,"Kuvalis, Lowe and Bogan",9964,18211.06,15
1539,Thermoplastic polyurethane (TPU),Pacocha-Haag,8043,5741.38,20
1541,Plexiglass,Padberg-Quitzon,8715,4902.47,29
1542,Rubber,"Veum, Jerde and Schultz",8262,6790.46,12
1543,Aluminum,Bogan-Mohr,4519,2326.31,11
1544,Rubber,"Tromp, Pacocha and Rohan",6883,13960.97,14
1545,Brass,Homenick-Cassin,9733,9683.97,16
1546,Nylon,"Kub, Runolfsson and Zulauf",3192,5401.83,16
1547,Thermoplastic polyurethane (TPU),"Pfannerstill, Baumbach and Abshire",464,15212.27,12
1548,Steel,"Grimes, Kilback and Stroman",1004,19276.56,8
1550,Polycarbonate,Williamson-Ortiz,6954,2988.95,3
1551,Plastic,"Boyle, Hoeger and Rath",7713,9133.59,23
1552,Rubber,"Hickle, Batz and Fay",5001,2990.92,24
1554,Nylon,Marks Group,6319,10243.58,4
1555,Polycarbonate,Hills LLC,1327,6951.26,20
1556,Nylon,"Kutch, Jacobi and Langosh",254,2604.72,6
1557,Plastic,Ondricka-Fadel,3366,17229.47,22
1558,Foam,"Upton, Hauck and Hyatt",1227,17479.20,23
1559,Rubber,Heathcote Group,9643,995.28,16
1561,Polycarbonate,Schneider-DuBuque,1299,3713.11,30
1562,Thermoplastic polyurethane (TPU),"Moen, Hessel and Hansen",4497,15166.52,19
1565,Plastic,"Powlowski, Hilll and Ziemann",1455,2825.28,1
1566,Steel,Bruen LLC,7498,3951.66,8
1567,Aluminum,Raynor-Barrows,7855,18048.93,23
1568,Rubber,Koepp-Kris,4925,9571.79,3
1569,Nylon,"Toy, O'Kon and Brekke",2089,18922.31,8
1570,Polycarbonate,Hilpert LLC,2003,4870.79,19
1571,Brass,Hahn-Baumbach,8503,5873.30,4
1574,Glass,Lakin Inc,5346,3779.31,28
1575,Aluminum,Moen Group,3670,7579.61,24
1576,Nylon,"Quigley, Kulas and Deckow",5398,7885.32,16
1579,Polycarbonate,"Spencer, Schimmel and Goldner",1048,12485.89,25
1580,Aluminum,Halvorson Group,3893,3933.63,9
1581,Glass,"Ritchie, Ankunding and Bernier",5019,655.68,26
1584,Polycarbonate,Champlin-Block,3585,7637.69,28
1589,Rubber,Hand-Graham,5525,9512.60,21
1593,Thermoplastic polyurethane (TPU),Leannon-Abshire,7598,3034.70,27
1594,Aluminum,Veum Inc,7671,3791.00,23
1597,Plexiglass,Runte-Zulauf,8971,10133.37,27
1599,Glass,Schultz-Kreiger,3596,5999.16,20
1600,Plexiglass,Fisher Inc,7288,10831.52,18
1601,Steel,Greenholt-Anderson,5846,19860.76,20
1603,Foam,"Moore, Weimann and Keebler",8499,1060.65,7
1604,Plastic,Murray-Welch,5084,19155.50,22
1606,Nylon,Sauer-Lindgren,998,9233.67,11
1607,Glass,Quigley LLC,9921,837.81,30
1609,Foam,Rau-Barton,9930,15136.94,2
1612,Aluminum,Murray-Balistreri,6676,12024.32,11
1615,Nylon,Kirlin-Rolfson,9557,16675.57,23
1617,Brass,Parker Inc,7657,19053.19,24
1622,Aluminum,Kirlin Inc,8400,18521.52,22
1623,Aluminum,Boyle Inc,9733,16836.23,19
1624,Aluminum,"Bartell, Bradtke and Hodkiewicz",6975,13690.31,17
1625,Thermoplastic polyurethane (TPU),Sipes-Okuneva,4475,19752.30,8
1626,Rubber,Feil-Windler,3458,15695.91,11
1628,Polycarbonate,Dach-Satterfield,7040,13708.36,2
1629,Steel,"Ullrich, Zboncak and Pacocha",4221,16115.24,12
1631,Brass,Kulas-Batz,7758,19140.11,19
1632,Plexiglass,"Bode, Simonis and Bogan",9996,12062.31,6
1633,Brass,"Corkery, Rolfson and Renner",3973,3365.03,21
1634,Nylon,Romaguera-Hoppe,2262,7304.43,14
1636,Brass,Schmidt-Schimmel,4348,2449.08,17
1637,Polycarbonate,Kessler-Denesik,5532,10373.18,9
1638,Nylon,"Towne, Collier and Collier",9919,14551.63,14
1639,Steel,"Carter, Morar and Cruickshank",7168,15185.46,25
1641,Nylon,"Casper, Mosciski and Lehner",7089,4656.24,14
1642,Plastic,Lowe-Prosacco,4316,1252.67,7
1643,Polycarbonate,MacGyver and Sons,3968,14919.91,22
1644,Foam,"Okuneva, Mante and Wiegand",7690,3238.40,21
1645,Thermoplastic polyurethane (TPU),Rogahn-Champlin,5010,13125.32,28
1646,Brass,Kulas Group,3495,11330.47,6
1648,Rubber,Cole-Bartoletti,8918,18554.65,6
1650,Brass,Goldner and Sons,5154,15390.49,28
1651,Foam,"Rau, Osinski and Goyette",8829,1626.70,9
1653,Aluminum,"Kuhlman, Ernser and Swaniawski",5028,3544.65,26
1656,Foam,"Lowe, Lockman and Bartell",1731,3124.55,19
1657,Aluminum,Schimmel Group,978,11250.19,20
1658,Foam,Hayes Group,1756,15221.68,29
1660,Plastic,Hand-Legros,5728,11544.44,18
1661,Brass,"Koss, Little and Kassulke",7207,17622.39,23
1663,Brass,Rau-Miller,1659,7416.77,29
1664,Plastic,Blanda-Rowe,612,5465.48,22
1665,Plexiglass,Zieme-Welch,757,2966.81,19
1668,Aluminum,Rath LLC,3658,8319.54,13
1669,Brass,Roob-Sawayn,8499,4807.03,19
1673,Thermoplastic polyurethane (TPU),"Zieme, Schoen and Leffler",5169,18496.28,8
1675,Thermoplastic polyurethane (TPU),"Russel, Kessler and Lind",183,8016.21,20
1676,Rubber,Towne and Sons,1366,17493.79,11
1677,Glass,Herzog-O'Connell,258,3438.95,8
1680,Plexiglass,Frami and Sons,525,5361.81,17
1681,Nylon,Boyle-Altenwerth,9394,9993.26,3
1683,Nylon,Kautzer Inc,2034,16633.22,16
1684,Plexiglass,"Yost, Lind and Bernhard",3414,7385.51,15
1686,Plastic,Torp and Sons,9582,17399.27,25
1688,Glass,Dickens LLC,8099,17255.19,17
1689,Plastic,Bahringer Group,1972,14781.14,16
1690,Foam,Price-Wolf,4430,9753.02,25
1692,Polycarbonate,"Rowe, Barrows and Swaniawski",8972,17964.65,13
1696,Brass,Champlin and Sons,1256,4836.54,17
1697,Rubber,"Medhurst, Smitham and Walter",5792,14136.22,13
1700,Foam,Schulist Group,9225,11665.98,8
1701,Nylon,Schmitt-Howell,3332,7079.52,11
1703,Steel,Mitchell-Bode,765,5654.69,26
1706,Steel,"Cassin, Marvin and Bosco",8508,6598.80,18
1707,Aluminum,Muller-Braun,3620,10938.43,28
1708,Foam,Bednar-Kertzmann,7395,14522.55,30
1709,Rubber,Gusikowski-Brakus,8715,7360.98,28
1710,Rubber,"Schamberger, Jaskolski and Ruecker",4232,5223.43,6
1712,Plexiglass,"King, Pacocha and Runolfsdottir",1488,2187.09,6
1714,Thermoplastic polyurethane (TPU),"Parker, Gleason and Schumm",7978,4593.42,27
1716,Aluminum,Bayer Group,2333,16966.93,17
1717,Polycarbonate,Cronin Group,8433,7967.27,23
1718,Brass,"Larson, Kling and Runolfsdottir",2480,6274.85,2
1721,Plastic,Bogan-Bins,9444,2532.74,1
1723,Plexiglass,Mertz-Daniel,9176,2285.72,30
1724,Thermoplastic polyurethane (TPU),Quitzon-Hilll,902,6257.18,20
1725,Nylon,Willms-Padberg,5458,1256.54,13
1726,Brass,"Ondricka, Ullrich and Okuneva",2562,13551.90,5
1727,Polycarbonate,"Mayer, Maggio and Fritsch",89,11745.81,22
1728,Glass,Fahey Group,4883,8061.86,17
1729,Glass,Pouros-Cruickshank,3988,11146.31,16
1730,Aluminum,McCullough LLC,6471,779.19,16
1731,Steel,"Stanton, Mitchell and Ward",2118,12425.31,24
1734,Nylon,"Larson, Kuphal and Homenick",1927,7934.15,1
1735,Steel,Marquardt Inc,410,19405.07,30
1737,Brass,"Aufderhar, Connelly and Wilkinson",4166,10107.28,18
1742,Polycarbonate,Schinner-Stroman,868,11723.24,19
1744,Plexiglass,"Dickinson, Conroy and Carter",2648,11000.23,14
1745,Glass,"Greenholt, Bruen and Green",5400,5083.00,10
1746,Nylon,"Wyman, McGlynn and Simonis",5852,6040.49,8
1747,Glass,"Wilkinson, Considine and Turner",2745,7459.18,29
1748,Glass,Lindgren Group,1836,13461.96,23
1750,Polycarbonate,Klocko-Sauer,8822,8843.21,1
1751,Nylon,Jones-Tremblay,9327,11547.59,12
1753,Nylon,Feeney Group,3551,14493.67,26
1755,Nylon,Feil-Pouros,9821,15734.51,23
1757,Brass,Rempel Inc,244,17598.95,30
1759,Polycarbonate,Zieme Group,762,16418.31,20
1760,Plastic,Orn-Buckridge,3420,19967.58,24
1761,Plastic,"Batz, Sawayn and Christiansen",9942,18336.69,24
1762,Nylon,Osinski-Abernathy,8596,17218.22,16
1765,Plexiglass,Hudson Group,6054,1087.60,1
1766,Nylon,Skiles-Watsica,915,12479.82,7
1767,Plexiglass,Legros Inc,239,8309.50,29
1768,Glass,Brakus-Lueilwitz,1648,8678.07,15
1771,Nylon,Dietrich Inc,3955,5666.60,23
1772,Plexiglass,"Ledner, Sauer and Huel",8524,14844.33,10
1775,Thermoplastic polyurethane (TPU),Leannon Group,6715,18480.44,11
1776,Thermoplastic polyurethane (TPU),Grady-Watsica,1570,13836.43,22
1777,Nylon,Hermiston-Hintz,8166,10485.01,22
1778,Aluminum,Gusikowski-Kris,4838,4147.87,12
1779,Brass,Ziemann-Heathcote,9620,7579.98,29
1780,Rubber,Terry LLC,7866,4160.70,28
1782,Thermoplastic polyurethane (TPU),Ullrich-Abbott,4059,15596.33,1
1783,Plexiglass,Hettinger Group,4477,19938.28,4
1784,Nylon,Gulgowski Group,6216,11712.51,16
1785,Plastic,Sanford Group,4057,18034.74,2
1787,Plexiglass,Bernhard-Nader,4649,4847.58,25
1788,Brass,"Grady, Ward and Gerlach",9213,7710.52,12
1789,Steel,Corkery-Ullrich,6223,6312.01,13
1791,Aluminum,"Hauck, Nicolas and Fahey",3018,7605.18,23
1792,Plexiglass,Konopelski and Sons,6407,5717.73,13
1794,Aluminum,"Medhurst, O'Kon and Goodwin",9293,3041.81,12
1796,Polycarbonate,"Feest, Considine and Schaefer",6668,10041.81,30
1798,Rubber,Lowe-Nicolas,4499,10652.40,29
1799,Thermoplastic polyurethane (TPU),"Lang, Kris and Jerde",7060,6996.77,19
1800,Brass,Champlin and Sons,6035,7196.84,30
1802,Polycarbonate,"Skiles, Schaden and Koelpin",3077,1256.55,16
1803,Plexiglass,Klein-Powlowski,6424,15557.89,28
1804,Rubber,Rolfson and Sons,5615,15389.62,25
1805,Brass,Crist and Sons,6025,11983.94,5
1807,Aluminum,Ritchie Group,2737,17804.22,15
1808,Foam,Larkin Inc,7840,9732.66,28
1810,Rubber,Zemlak Inc,6379,7068.86,30
1812,Rubber,Murphy-Tremblay,6944,18644.13,12
1813,Plexiglass,"Morar, Rowe and Koelpin",2103,8039.34,27
1814,Foam,Hammes-Hermann,4368,12913.65,17
1815,Nylon,Daugherty and Sons,4095,3315.57,30
1816,Foam,"Zulauf, Dietrich and Champlin",301,14173.79,6
1819,Brass,"Gusikowski, Ankunding and Schultz",4727,16572.26,25
1820,Plexiglass,"Rempel, Kunze and Franecki",9408,17863.12,14
1821,Rubber,O'Kon LLC,9980,16804.70,24
1824,Plexiglass,Wiza-Heaney,4984,19901.19,17
1826,Plexiglass,"Simonis, Schamberger and Johns",2771,1442.53,11
1828,Aluminum,Durgan LLC,2171,10890.73,10
1829,Thermoplastic polyurethane (TPU),Kulas Group,4062,8310.84,14
1830,Brass,Ondricka LLC,343,3606.98,20
1832,Plexiglass,Botsford-Feeney,2095,19087.05,12
1834,Glass,Daugherty-Lakin,6016,13113.37,4
1835,Steel,Zulauf and Sons,5551,8981.90,18
1836,Brass,Wunsch-Windler,3908,3755.48,7
1837,Aluminum,Langosh-O'Conner,8209,4639.45,6
1838,Steel,"Grant, Schmitt and Hegmann",7302,5544.16,25
1840,Aluminum,Beer-Gutmann,4786,17026.97,13
1841,Glass,Schmitt-Jast,9486,10293.66,18
1842,Polycarbonate,Runte and Sons,4018,10360.38,7
1843,Foam,Smith-Kautzer,1682,7645.82,24
1845,Glass,Reinger-Sporer,5487,14782.75,12
1847,Polycarbonate,Spinka Inc,463,15963.71,24
1852,Plastic,Lang Group,9967,7780.90,6
1855,Plastic,Wehner LLC,3649,14025.15,25
1856,Aluminum,Dare Inc,43,11630.45,28
1857,Foam,Beahan Inc,1748,17921.37,8
1858,Plastic,"Fisher, Hahn and Parisian",3636,1661.24,16
1859,Aluminum,Gerhold-Davis,8314,19391.86,8
1861,Nylon,"Blanda, Shields and Effertz",3901,11009.99,30
1862,Foam,Crooks and Sons,1661,12492.89,5
1865,Polycarbonate,Botsford-Schumm,7454,4995.76,29
1866,Rubber,Purdy-Weber,9691,3892.79,21
1867,Brass,Morissette-Kautzer,1384,14473.44,17
1869,Plexiglass,Stoltenberg-Lueilwitz,5569,13168.30,30
1870,Aluminum,Ebert-Murray,4738,10875.35,18
1871,Aluminum,Dach Inc,74,17423.41,14
1872,Plexiglass,Fritsch and Sons,7394,5622.07,6
1879,Glass,Sawayn Inc,4885,18905.61,4
1880,Steel,Lynch and Sons,8709,13399.14,16
1882,Plexiglass,"Jakubowski, DuBuque and Wintheiser",5582,14991.43,23
1883,Polycarbonate,Quitzon and Sons,9452,13679.70,8
1885,Foam,"Cummings, Weissnat and Ullrich",4970,11215.13,25
1886,Plastic,Rutherford-Ortiz,6753,9426.84,30
1887,Rubber,"Beatty, Runolfsson and Witting",4021,13167.05,7
1888,Plastic,Gislason LLC,6113,5657.40,3
1890,Steel,Parker-Conn,8287,7049.43,3
1891,Glass,Zboncak Group,9056,6770.20,7
1892,Rubber,"Jacobson, Johns and Abbott",1491,2093.51,20
1893,Steel,Skiles-Stark,8461,13942.18,12
1895,Rubber,Littel-Boyer,4997,15996.60,21
1896,Plexiglass,Bahringer and Sons,5408,5660.35,9
1897,Nylon,"Bins, Greenfelder and Crona",4950,16644.19,28
1899,Plexiglass,McCullough-Cassin,7019,10033.31,10
1900,Foam,McDermott-Borer,700,10172.95,30
1901,Glass,Predovic-Mraz,4183,10373.17,30
1902,Steel,Wehner-Keebler,1592,6804.69,14
1904,Foam,Hintz and Sons,7434,16579.42,6
1905,Brass,Fahey Inc,3371,5160.70,27
1907,Steel,Rohan and Sons,7732,8211.30,25
1908,Thermoplastic polyurethane (TPU),Mertz-Rosenbaum,7328,9311.50,9
1909,Steel,Tremblay and Sons,2714,5402.35,24
1910,Foam,Mosciski-D'Amore,7268,19954.35,11
1911,Thermoplastic polyurethane (TPU),Barrows and Sons,7425,13317.74,15
1913,Nylon,Toy-Hammes,3135,5561.88,24
1914,Steel,Ernser Group,5462,2791.89,9
1915,Aluminum,"Nicolas, Bogisich and Jacobson",4319,15171.54,11
1916,Glass,Morissette and Sons,1423,701.17,7
1920,Rubber,Mayert Inc,6595,6053.99,17
1921,Rubber,Ankunding Group,9411,10209.24,2
1923,Nylon,Hettinger-Wehner,2250,12421.48,2
1924,Nylon,Stehr-Shields,6263,5967.59,4
1925,Aluminum,Upton-Wiza,5502,12351.93,24
1926,Thermoplastic polyurethane (TPU),Stroman and Sons,1600,13844.88,29
1927,Plexiglass,Anderson-Trantow,8933,16800.89,18
1929,Brass,"Boyer, Veum and Mills",1025,5233.87,30
1930,Polycarbonate,Glover-Rutherford,4329,11540.78,29
1931,Rubber,Gibson-Schmeler,4330,7921.50,20
1932,Polycarbonate,Jenkins-Swift,2671,16208.74,21
1933,Steel,"Collier, Kuhn and Hermann",2833,806.26,28
1934,Plastic,Heidenreich-Powlowski,243,15989.07,23
1936,Steel,Ledner Group,4288,11153.79,24
1940,Foam,McLaughlin Group,7672,17997.16,8
1941,Brass,Streich-Frami,2695,16285.04,30
1942,Nylon,Cormier-Terry,1527,12033.26,15
1944,Thermoplastic polyurethane (TPU),McLaughlin-Cruickshank,8717,17487.02,12
1945,Glass,Wiza-Gutkowski,9064,737.81,29
1946,Steel,"Bosco, Wilkinson and Satterfield",1477,19822.47,20
1947,Polycarbonate,Gutkowski-Gusikowski,399,14877.13,28
1948,Brass,"Hackett, Blick and Leffler",6944,7889.57,27
1951,Steel,Jones-Towne,114,5847.36,12
1952,Aluminum,Greenholt-Wintheiser,2863,3127.91,3
1953,Plastic,Emmerich-Hauck,117,11113.87,22
1956,Polycarbonate,Yost-Collier,8683,10496.38,20
1958,Polycarbonate,Mayert LLC,3286,11347.17,12
1959,Aluminum,"Feil, Koch and Grimes",7024,6933.13,19
1961,Nylon,Roberts-Watsica,5691,5057.03,29
1963,Aluminum,Hansen and Sons,7479,2019.53,29
1964,Glass,Wolff-Schaefer,2711,4287.83,12
1965,Nylon,Runolfsson-Wilderman,3435,2022.22,22
1967,Glass,"Morissette, Blanda and Dare",125,16702.96,11
1968,Plastic,Murphy-Veum,7734,11575.80,4
1970,Thermoplastic polyurethane (TPU),Connelly-Mills,8869,11865.70,29
1971,Nylon,Ortiz-Collins,5828,1781.60,18
1972,Plexiglass,Goodwin-Cummings,4084,12221.78,22
1973,Glass,Jenkins LLC,988,10863.65,22
1974,Steel,"Parker, Predovic and Bode",3189,4120.24,22
1976,Foam,Crooks-Jones,2071,18660.34,8
1980,Glass,Mante-Brown,1534,18327.60,14
1981,Thermoplastic polyurethane (TPU),Kunze-Rau,3461,732.51,24
1982,Nylon,Swift-Bosco,5162,4560.02,6
1984,Plastic,"Howell, Rohan and Mayert",1750,11503.16,10
1985,Rubber,Lang-Schaefer,825,3483.72,14
1987,Polycarbonate,"Harber, Beier and Rohan",9176,15157.74,7
1988,Glass,Grady-Cremin,4471,11471.74,11
1991,Foam,Koelpin-Grady,8430,13967.11,18
1992,Nylon,O'Conner-Jones,2103,14381.28,5
1995,Foam,Aufderhar-Jast,8909,19607.53,11
1997,Steel,Nolan and Sons,5630,13547.50,5
1998,Glass,Kub-Kilback,9306,2193.88,12
1999,Plastic,Cummings-Koch,7221,5900.20,12
2000,Nylon,O'Conner Group,2145,17069.59,21
2113,Thermoplastic polyurethane (TPU),"Nienow, Spencer and Kshlerin",1538,15251.21,16
2132,Foam,Armstrong-Durgan,4252,14087.92,26
2142,Steel,"Deckow, Langworth and Daugherty",9069,2743.40,3
2145,Aluminum,"Carroll, O'Keefe and Bartell",1172,13424.01,26
2146,Polycarbonate,Stroman-Dare,3259,17059.42,20
2150,Glass,Schinner and Sons,5497,18513.59,16
2153,Plexiglass,"Marquardt, Harris and Douglas",5891,2142.09,6
2154,Brass,Mueller and Sons,6009,5725.45,1
2158,Nylon,"Kuhic, Kozey and Schowalter",7935,4596.54,26
2161,Thermoplastic polyurethane (TPU),Flatley LLC,1244,11545.93,17
2171,Brass,"Tromp, Oberbrunner and Streich",5023,12550.06,14
2174,Plexiglass,"Walter, Wolff and Toy",3036,13908.96,13
2175,Thermoplastic polyurethane (TPU),"Rosenbaum, Swift and Parisian",7136,14520.28,10
2178,Glass,Franecki-Pollich,433,12521.03,19
2179,Thermoplastic polyurethane (TPU),McGlynn-Durgan,9792,3300.14,29
2180,Plastic,Torp Inc,6911,19453.32,7
2181,Foam,Breitenberg-Ortiz,5461,733.04,22
2186,Glass,"Little, Hyatt and Ferry",2804,8274.02,21
2200,Steel,Mitchell Group,7271,14494.61,3
2207,Nylon,Block LLC,3519,16829.54,16
2211,Polycarbonate,"Feeney, Gorczany and Jaskolski",8990,11892.04,5
2217,Rubber,Williamson LLC,7193,2080.77,2
2221,Foam,"Bernhard, McKenzie and Deckow",5207,13219.31,13
2225,Nylon,Weissnat-Crist,4155,8300.78,2
2230,Steel,"Kuphal, Cormier and Morissette",1440,6708.89,8
2237,Brass,Wiza-Heathcote,5537,15801.61,23
2243,Foam,Vandervort Inc,6758,12480.79,14
2250,Glass,"Grady, Hermann and Schulist",2404,3545.23,24
2257,Steel,Fadel-Greenholt,6978,4218.12,30
2265,Polycarbonate,"Lindgren, Friesen and Tremblay",5065,8453.63,18
2268,Rubber,"Koelpin, Nader and Watsica",6184,7564.71,7
2269,Glass,Wuckert-Sipes,4159,10566.19,27
2270,Brass,O'Kon and Sons,6014,13266.85,3
2274,Nylon,"Leffler, Brakus and Smith",4810,11568.68,30
2277,Plexiglass,Gislason Inc,1185,12456.35,9
2280,Plexiglass,Kertzmann-Schmitt,5863,18479.38,26
2281,Thermoplastic polyurethane (TPU),Beer Inc,5595,5820.84,6
2282,Glass,"Daniel, Bergnaum and Fritsch",5837,1357.23,28
2286,Rubber,Breitenberg Group,7884,18393.93,17
2294,Aluminum,Koepp-Yost,4179,9633.00,14
2302,Rubber,"Hayes, Mayert and Collier",5201,19378.56,10
2307,Nylon,Hammes-Sauer,3998,10227.16,9
2308,Thermoplastic polyurethane (TPU),"Franecki, Sporer and Hessel",1022,12939.57,10
2309,Glass,"Rempel, Williamson and Swaniawski",7050,4822.02,18
2352,Polycarbonate,Mills-Turner,8392,16796.20,27
2354,Brass,Nolan and Sons,7655,15328.73,11
2362,Nylon,"Aufderhar, Dooley and Graham",8714,581.46,28
2363,Thermoplastic polyurethane (TPU),Kuphal and Sons,630,6990.64,4
2364,Rubber,Haley and Sons,9789,5382.22,3
2370,Nylon,Doyle-Reynolds,2958,2931.44,20
2380,Plexiglass,"Collier, Hamill and Wisozk",3906,18231.04,12
2382,Rubber,"Brown, Hartmann and Thompson",2198,2507.45,30
2384,Polycarbonate,Ryan and Sons,7193,4495.34,19
2385,Brass,"Prosacco, Roberts and Kautzer",385,4047.05,22
2386,Brass,Rippin and Sons,9492,9769.56,19
2387,Brass,Dooley Inc,7155,15382.34,23
2391,Brass,Grady-Gleason,8643,3673.83,5
2394,Nylon,"Bosco, Kling and Orn",9991,1383.19,17
2396,Plastic,"Lockman, Connelly and Mraz",5328,6158.46,26
2413,Rubber,Kuhlman-Purdy,7004,18217.71,24
2421,Nylon,Waters-Schaefer,7175,16746.92,15
2425,Steel,Wiza-Dicki,739,6637.92,22
2431,Plexiglass,"Johnson, Pouros and Hirthe",9158,4417.88,17
2434,Plastic,Barton-Stamm,9934,12675.29,30
2438,Nylon,Crooks Inc,7914,13391.38,22
2439,Steel,Hamill Group,3404,2340.13,26
2441,Glass,Rowe Inc,334,10877.83,3
2443,Polycarbonate,Effertz Group,223,18942.47,27
2447,Glass,Kshlerin-Mills,7382,17474.91,14
2451,Nylon,Fay Group,3574,655.09,4
2453,Steel,Green and Sons,504,11505.34,2
2454,Glass,"Toy, Boehm and Schmeler",510,18650.15,10
2457,Polycarbonate,Muller LLC,854,19522.10,28
2460,Polycarbonate,Quitzon-Lehner,1311,14262.72,9
2463,Glass,Cartwright Inc,1713,12209.81,7
2469,Plastic,McKenzie-Upton,7375,4021.45,15
2471,Nylon,Adams-Weissnat,9727,18460.28,6
2477,Polycarbonate,"Upton, Mitchell and Dickens",6717,4881.75,2
2478,Polycarbonate,Lockman and Sons,1101,9861.65,9
2483,Polycarbonate,"Ruecker, Quitzon and Tremblay",2958,1375.68,6
2487,Brass,"Abbott, Schumm and Ortiz",7938,11874.39,26
2488,Nylon,Stiedemann Inc,4457,9000.69,1
2490,Thermoplastic polyurethane (TPU),"Koss, Nolan and Tromp",6526,19153.71,25
2496,Plexiglass,Kemmer Inc,1706,16500.53,7
2498,Plexiglass,"Bogan, Windler and Koch",1719,15197.56,27
2501,Polycarbonate,Nitzsche Inc,4748,9645.98,22
2503,Polycarbonate,Nikolaus LLC,1618,14872.22,15
2508,Plastic,Heidenreich and Sons,5786,14194.46,30
2511,Glass,"Harber, Waters and Luettgen",1582,4485.27,8
2606,Brass,Adams-Walker,3232,14698.11,4
2622,Rubber,Wisoky Inc,9808,17999.55,14
2625,Steel,"Price, Upton and Greenholt",6722,15112.89,10
2641,Brass,Nienow Group,4571,17997.92,25
2681,Aluminum,Tillman and Sons,2305,17549.70,19
2845,Glass,"McClure, Monahan and Gibson",1240,15236.35,7
2861,Aluminum,Sauer Inc,4523,9701.99,24
2879,Thermoplastic polyurethane (TPU),"Trantow, Marvin and Crooks",749,12437.99,18
2927,Aluminum,"Gleason, Schmeler and Cassin",246,19769.56,7
2951,Glass,Considine Inc,4745,1404.00,5
2985,Polycarbonate,"Bednar, Hagenes and Wyman",940,8677.29,14
2996,Brass,Strosin-Block,5092,1895.84,13
2998,Aluminum,Lowe-Abbott,3040,9622.60,21
3075,Plastic,Kessler Inc,3954,541.50,15
3080,Foam,Romaguera LLC,9426,5524.11,19
3085,Steel,"Hauck, Morar and Powlowski",5319,10057.90,6
3088,Nylon,"Mueller, Daugherty and Davis",8165,11273.60,30
3091,Glass,"Kohler, Cummings and Thompson",235,3359.44,14
3093,Foam,"Miller, Kohler and Feil",3929,17411.69,2
3095,Brass,Flatley and Sons,314,8743.04,25
3103,Steel,Emard LLC,2717,14106.36,18
3107,Plastic,"Strosin, Friesen and Bogisich",3617,10934.00,12
3109,Thermoplastic polyurethane (TPU),"Quitzon, Dach and Gislason",5071,1693.70,8
3113,Polycarbonate,"Braun, Carter and Reichert",9725,11055.26,24
3117,Polycarbonate,"Becker, Kshlerin and Thompson",9461,6667.30,22
3121,Polycarbonate,Jones and Sons,282,15718.27,11
3123,Thermoplastic polyurethane (TPU),"Abshire, Spencer and Rohan",9856,7905.11,11
3131,Plexiglass,Berge-Mayert,4103,16919.22,22
3136,Plexiglass,Murazik and Sons,5024,14494.67,28
3142,Glass,"Runolfsdottir, Crona and Hyatt",7500,2458.51,22
3144,Aluminum,Kreiger and Sons,4238,15541.02,26
3145,Steel,O'Keefe-Hegmann,2314,8049.70,13
3148,Plastic,"Connelly, Reichel and Quigley",4860,4332.74,9
3150,Steel,"Jacobson, Adams and Cummings",2490,6248.04,24
3153,Plastic,"Hickle, Williamson and Barton",7102,15903.94,29
3154,Steel,"Ferry, White and Russel",7907,6274.11,24
3173,Foam,"Corkery, Mayer and Gutkowski",5916,4213.64,27
3175,Nylon,Jerde-MacGyver,1362,19074.38,4
3179,Nylon,Casper and Sons,4317,10421.14,29
3181,Glass,Jaskolski-Bode,1592,8559.83,17
3193,Thermoplastic polyurethane (TPU),Mitchell-Wisozk,3583,17189.87,5
3202,Rubber,O'Reilly LLC,5711,12738.38,12
3211,Polycarbonate,"Beer, Feest and Johns",5666,18632.43,1
3219,Polycarbonate,"Wehner, Koch and McDermott",5590,13679.29,25
3222,Nylon,"Hansen, Farrell and Wuckert",9374,8151.88,27
3244,Rubber,Reilly-Yost,4179,5249.56,10
3249,Steel,"Leannon, Mertz and Jacobson",2752,18966.99,23
3253,Rubber,"Zieme, Ziemann and Kreiger",9525,892.43,12
3262,Rubber,D'Amore Group,7001,2226.05,10
3269,Brass,"Spinka, Powlowski and Wyman",698,14848.95,3
3270,Nylon,Glover and Sons,6851,8665.72,12
3282,Polycarbonate,Rau Group,2826,1171.71,7
3286,Polycarbonate,"Feest, McKenzie and Lueilwitz",577,17180.23,11
3294,Thermoplastic polyurethane (TPU),"Labadie, Terry and Goodwin",328,7023.22,12
3299,Foam,Kautzer Group,9836,6770.54,3
3309,Foam,"Metz, Mann and Harris",9410,1624.94,22
3316,Foam,Crist-Hane,2189,12870.14,14
3322,Brass,Orn-Howell,7029,16854.22,6
3327,Brass,"Beatty, Abbott and Witting",6412,17002.74,30
3343,Plexiglass,Anderson-Harber,2837,639.36,20
3344,Rubber,Skiles Inc,5966,7112.59,28
3345,Aluminum,"Pouros, Zemlak and Gutmann",1923,9014.15,27
3349,Aluminum,"Turner, Sipes and O'Keefe",7221,12979.28,8
3352,Glass,"Gulgowski, Sawayn and Deckow",1461,6411.81,26
3363,Steel,"Schmeler, Spencer and Bergnaum",9884,18296.43,14
3372,Nylon,Klein Inc,3720,2509.60,27
3385,Rubber,Crist Group,8355,11052.09,9
3411,Brass,D'Amore-Kuhic,3986,12765.87,23
3413,Steel,Effertz LLC,7417,3742.80,24
3436,Thermoplastic polyurethane (TPU),Gorczany-Wiza,1565,5391.87,25
3439,Rubber,Herzog LLC,9067,1029.71,2
3447,Aluminum,"Jaskolski, Gleichner and Larkin",5962,15990.66,6
3457,Brass,Beer-Cummerata,7005,8773.13,22
3460,Steel,"Buckridge, Padberg and Hagenes",8210,10854.18,23
3496,Thermoplastic polyurethane (TPU),Braun LLC,1057,5157.82,4
3501,Rubber,Nicolas Inc,2793,7116.21,14
3503,Nylon,"Ledner, Lehner and Parisian",6603,7815.70,24
3508,Foam,"Abernathy, Fay and Roob",7460,1685.07,17
3525,Rubber,"Kunze, Hessel and Gutkowski",3906,8807.68,1
3606,Rubber,"Wuckert, Stehr and Hane",4429,13586.49,22
3617,Rubber,Becker Inc,1815,17372.56,17
3624,Thermoplastic polyurethane (TPU),Beahan and Sons,142,11078.23,26
3638,Steel,Hayes Inc,8512,3358.76,26
3653,Glass,Weber LLC,975,1563.87,23
3665,Thermoplastic polyurethane (TPU),Prohaska Group,8610,2949.05,9
3675,Plastic,"Blick, Towne and Wehner",3291,15793.04,4
3714,Thermoplastic polyurethane (TPU),Schamberger Group,2593,6210.95,18
3718,Nylon,Hauck LLC,793,10859.89,15
3723,Foam,O'Conner and Sons,4897,18476.10,23
3745,Thermoplastic polyurethane (TPU),"Bogan, Kuphal and Lynch",9172,5723.78,1
3765,Glass,Paucek-Ankunding,785,9524.58,6
3767,Steel,"Lueilwitz, O'Kon and Bosco",3678,9102.91,5
3787,Nylon,Conn-Cole,2997,3797.60,2
3800,Rubber,"Bartell, Prosacco and Hammes",7712,3182.85,29
3805,Aluminum,"Turcotte, Kertzmann and Bergnaum",4664,12476.72,17
3815,Polycarbonate,Denesik-Rosenbaum,230,751.22,2
3832,Plastic,"Balistreri, Hand and Kshlerin",9116,7668.81,6
3842,Nylon,Cruickshank Inc,130,1949.40,24
3858,Plastic,"Batz, Bartoletti and Wilderman",4985,3107.43,28
3862,Plastic,Greenholt and Sons,3536,3218.25,6
3876,Steel,Beer-Murphy,1911,5050.85,12
3886,Plastic,"Franecki, Jakubowski and Morar",7897,6373.95,10
3887,Glass,"Huels, Bartoletti and Ziemann",9539,14850.82,10
3904,Plexiglass,Cole Inc,2442,3635.77,11
3926,Thermoplastic polyurethane (TPU),Farrell LLC,9237,17578.66,21
3948,Brass,McClure Group,7220,16732.02,4
3958,Glass,"Rowe, VonRueden and Wisozk",4978,15567.64,6
3976,Plexiglass,Kuvalis-Weimann,7638,17363.49,29
3985,Aluminum,"Mayert, Pfeffer and Schamberger",5499,10965.35,27
3996,Rubber,Friesen-Koss,3085,8840.41,23
4503,Polycarbonate,Runte LLC,4236,17338.47,1
4515,Foam,Price-Hodkiewicz,5345,2368.50,29
4517,Plastic,"Volkman, Rath and Rolfson",3024,9109.74,21
4523,Rubber,Bogisich Group,4776,8911.56,4
4542,Nylon,"Konopelski, Zieme and Orn",6395,7138.74,26
4558,Aluminum,Bednar Inc,4869,8604.88,13
4561,Nylon,"Gutmann, Kemmer and Champlin",9537,8037.78,4
4562,Rubber,Vandervort-Ritchie,2166,3305.00,10
4601,Steel,"Purdy, Pouros and Pfannerstill",5537,7494.53,12
4615,Nylon,Jerde Group,6393,4255.11,30
4623,Steel,"Gleason, Cassin and Pollich",9619,13903.16,24
4633,Brass,Gutkowski-McGlynn,5774,6752.78,29
4637,Steel,Grant Inc,1840,7561.78,8
4646,Polycarbonate,"Maggio, Reynolds and Osinski",9569,15495.48,4
4664,Brass,Ankunding Inc,3255,17535.41,19
4665,Steel,Langworth-Lakin,3509,15692.19,17
4669,Nylon,"Simonis, Schmitt and Fadel",6894,18639.83,15
4696,Aluminum,Block Inc,8624,5538.76,16
4710,Rubber,"Green, Huel and Barrows",2998,5713.85,13
4717,Thermoplastic polyurethane (TPU),"Murphy, Williamson and Padberg",9480,2020.01,4
4721,Nylon,"Nitzsche, Schmidt and Casper",1657,5130.69,23
4737,Thermoplastic polyurethane (TPU),Abshire-Kohler,8360,19443.30,12
4760,Plexiglass,West Inc,8162,5241.04,19
4767,Nylon,Wintheiser and Sons,3798,9643.03,16
4787,Polycarbonate,"Bogan, Wehner and Glover",5873,17422.41,22
4798,Foam,Ullrich and Sons,9135,14635.43,21
4804,Plexiglass,"Reilly, Beier and Bogisich",5338,13662.55,20
4814,Glass,Davis LLC,1026,16396.50,11
4820,Plastic,Wuckert-Kemmer,4761,1260.07,14
4842,Glass,Beer LLC,2438,1623.12,16
4856,Polycarbonate,"Champlin, Daniel and Ward",6457,14028.23,17
4862,Plexiglass,Yundt Inc,6072,5049.65,10
4876,Foam,"Miller, Mohr and Wilderman",9782,4367.08,18
4885,Foam,Stokes LLC,6347,13016.31,8
4886,Rubber,Cremin and Sons,612,9343.82,22
4904,Aluminum,Schaefer-Effertz,5259,8389.94,30
4905,Steel,Little Inc,7368,10644.86,27
4907,Glass,"Hyatt, Zboncak and Welch",3921,14152.13,10
4925,Aluminum,Erdman Inc,81,19810.75,1
4945,Steel,Feil and Sons,4704,2983.79,30
4958,Brass,Flatley Inc,1939,8361.08,29
4963,Plexiglass,"Boehm, Legros and Buckridge",6050,8862.30,2
4965,Aluminum,"Gibson, Rath and Langosh",5217,18605.39,11
4973,Nylon,Stoltenberg Inc,9482,2065.88,24
4974,Steel,"Skiles, Champlin and Rodriguez",2291,11732.19,27
4982,Brass,Wolff and Sons,5164,8798.67,5
4996,Glass,Vandervort-Reynolds,4851,2939.50,29
5505,Foam,"Vandervort, VonRueden and Schaefer",7282,6402.19,11
5513,Rubber,Stehr-Fisher,9506,3397.47,10
5514,Aluminum,"Howell, Goldner and Dickinson",1948,5391.95,25
5525,Rubber,Gutkowski-Haag,4929,18700.66,4
5542,Polycarbonate,"Collins, Robel and Kris",3866,11431.72,21
5558,Glass,"Doyle, Auer and McDermott",6463,17865.49,10
5566,Nylon,Runte-Bernhard,778,18351.85,17
5599,Polycarbonate,"Block, Gulgowski and Turner",684,6348.81,3
5609,Brass,Lesch Group,9508,11862.82,30
5622,Plastic,Schmeler LLC,5031,19192.93,12
5631,Nylon,"Haley, Olson and Gerlach",9870,16532.70,23
5633,Brass,Cassin-Goodwin,473,964.50,19
5646,Aluminum,Koelpin-Cremin,4593,13088.24,28
5660,Polycarbonate,Yundt-Dach,4794,16228.20,11
5669,Thermoplastic polyurethane (TPU),Hamill LLC,2134,1709.86,8
5684,Thermoplastic polyurethane (TPU),Boehm LLC,4889,8111.45,8
5701,Rubber,"Wyman, Rohan and Heaney",6088,4094.50,8
5716,Nylon,Schumm-Lynch,6836,16838.17,27
5721,Polycarbonate,Stoltenberg and Sons,620,9570.02,4
5730,Thermoplastic polyurethane (TPU),Hagenes and Sons,3827,8007.07,12
5751,Aluminum,Pfannerstill Group,3347,16640.98,30
5767,Brass,Gottlieb Inc,7111,16521.19,15
5777,Steel,Olson Group,845,7715.82,1
5782,Aluminum,"Bins, Hamill and Legros",1098,13923.74,13
5794,Plexiglass,Block Group,7079,4763.61,3
5803,Plexiglass,"Hills, Yundt and Barrows",2669,12371.44,25
5812,Plexiglass,"Jones, Reichert and Streich",4796,4197.40,25
5820,Foam,Towne Inc,3719,5098.04,5
5842,Polycarbonate,"Dach, Abbott and Turcotte",4732,14110.47,21
5856,Foam,Kutch Group,532,14013.63,20
5862,Glass,"Bergstrom, Johns and Williamson",7172,11574.94,20
5869,Thermoplastic polyurethane (TPU),Brown-Bogisich,1120,16616.84,9
5876,Plastic,Marvin LLC,2484,14372.88,17
5885,Foam,Dicki-Ankunding,7011,2432.30,9
5886,Plastic,"Mohr, Koepp and Fadel",9903,4138.47,26
5887,Steel,Stark Inc,4780,8184.46,8
5895,Foam,"Bradtke, Torphy and Lynch",9020,13041.91,21
5901,Glass,Walsh-Armstrong,8569,15901.76,30
5907,Nylon,D'Amore Group,3899,8859.29,12
5920,Foam,Blanda-Johnston,9737,1622.32,22
5930,Thermoplastic polyurethane (TPU),Greenholt-Gutkowski,8531,16716.33,17
5946,Plastic,Howe-Stracke,2766,17263.21,11
5956,Glass,Terry Inc,674,11361.84,10
5963,Nylon,Legros-Goyette,7641,6347.40,13
5970,Glass,Klocko-Gerlach,8980,7346.45,29
5976,Aluminum,Harris LLC,7383,12281.95,6
5980,Brass,Wehner-Schaefer,6056,14771.93,26
5992,Steel,Rau-Shanahan,3035,12973.31,26
6505,Nylon,Pacocha LLC,3639,7972.18,23
6513,Thermoplastic polyurethane (TPU),"Kautzer, Kuvalis and Kozey",1131,6114.44,26
6515,Plastic,"Keebler, Williamson and Ernser",1903,16863.54,1
6533,Glass,Walter Inc,2429,10380.51,14
6534,Glass,Mosciski-Wilkinson,4834,12697.44,3
6544,Glass,Welch Group,3033,12849.25,20
6546,Thermoplastic polyurethane (TPU),Upton Group,4472,15398.10,6
6548,Foam,Harber LLC,3611,12831.51,9
6551,Brass,"Bergstrom, Marks and DuBuque",4144,7278.38,12
6558,Polycarbonate,"Pagac, Abshire and Lemke",7894,8125.35,21
6566,Plastic,"Farrell, Aufderhar and Christiansen",1550,6381.00,16
6584,Plexiglass,Braun-MacGyver,7275,13558.84,18
6609,Steel,Toy-Beahan,8811,5787.93,2
6622,Steel,Koch-Little,7757,16703.67,20
6629,Rubber,"Cartwright, Greenfelder and Paucek",8853,13281.17,6
6633,Polycarbonate,Hickle-Beatty,9340,6526.51,28
6645,Thermoplastic polyurethane (TPU),Walker-Cruickshank,7052,9309.37,10
6658,Steel,"Windler, Gottlieb and Collier",6678,17204.66,27
6669,Polycarbonate,Yundt-Lehner,2043,13327.06,18
6684,Nylon,"Corkery, Hickle and Rutherford",8546,7466.71,17
6701,Steel,Medhurst Inc,6238,1732.77,15
6716,Thermoplastic polyurethane (TPU),"Harris, Johns and Shields",8242,1467.39,4
6718,Aluminum,Wolff and Sons,5384,10700.70,28
6723,Polycarbonate,"Wolff, Nolan and Pollich",4160,8246.98,18
6751,Aluminum,"Doyle, Veum and Cruickshank",1180,3109.35,11
6765,Glass,Pacocha Inc,4721,18479.06,7
6771,Steel,Emard-O'Hara,1564,5557.39,20
6789,Foam,Kub-Abernathy,5393,9287.61,29
6802,Glass,Hauck Group,3024,13302.39,23
6807,Rubber,Hessel-Mills,7163,14199.30,14
6815,Nylon,"Stanton, Klein and Cormier",4350,9295.56,14
6838,Foam,Friesen LLC,7693,12889.39,3
6856,Brass,"Osinski, Borer and Osinski",372,15949.13,27
6861,Plexiglass,"O'Hara, Conroy and Zemlak",2850,10530.70,3
6865,Rubber,"Corwin, Conn and Jerde",3541,861.68,9
6879,Plastic,Walker Inc,3475,14783.57,16
6886,Thermoplastic polyurethane (TPU),Kerluke-Streich,9304,1250.35,22
6901,Glass,Rogahn Inc,1526,6851.42,21
6907,Glass,Gerlach and Sons,2523,1072.21,8
6916,Polycarbonate,"Stiedemann, Wolff and Kuhn",5062,18304.61,5
6930,Steel,Thompson-Kuvalis,5540,18786.83,17
6951,Polycarbonate,"Hayes, Treutel and Becker",8336,8733.41,23
6961,Steel,"Heller, Daniel and Reynolds",4291,19394.11,11
6965,Thermoplastic polyurethane (TPU),Reichert-Shanahan,5966,17363.66,23
6968,Nylon,"Romaguera, Gerlach and Boyle",6084,19510.86,9
6970,Plastic,Hodkiewicz Inc,4030,3581.72,27
6973,Polycarbonate,"Wintheiser, Rowe and Klocko",3681,12581.88,8
6984,Brass,"Denesik, Predovic and Cassin",5842,16441.70,8
6996,Rubber,Armstrong-Watsica,9739,17293.99,29
7505,Brass,Ernser and Sons,9138,9682.59,17